<?xml version="1.0" encoding="UTF-8"?>
<project-private xmlns="http://www.netbeans.org/ns/project-private/1">
    <editor-bookmarks xmlns="http://www.netbeans.org/ns/editor-bookmarks/2" lastBookmarkId="0"/>
    <open-files xmlns="http://www.netbeans.org/ns/projectui-open-files/2">
        <group>
            <file>file:/C:/Users/Proyector/Downloads/Reporte%20de%20Incidentes/test/Group%202%20(1).png</file>
            <file>file:/C:/Users/Proyector/Downloads/Reporte%20de%20Incidentes/test/JFrameIncidentes.java</file>
            <file>file:/C:/Users/Proyector/Downloads/Reporte%20de%20Incidentes/src/Usuario_.png</file>
            <file>file:/C:/Users/Proyector/Downloads/Reporte%20de%20Incidentes/src/Visualizar%20incidentes.png</file>
            <file>file:/C:/Users/Proyector/Downloads/Reporte%20de%20Incidentes/test/JFrameLogin.java</file>
            <file>file:/C:/Users/Proyector/Downloads/Reporte%20de%20Incidentes/test/Incidente.java</file>
            <file>file:/C:/Users/Proyector/Downloads/Reporte%20de%20Incidentes/test/Testigo.java</file>
            <file>file:/C:/Users/Proyector/Downloads/Reporte%20de%20Incidentes/src/Direccion.java</file>
            <file>file:/C:/Users/Proyector/Downloads/Reporte%20de%20Incidentes/src/Group%202%20(1).png</file>
            <file>file:/C:/Users/Proyector/Downloads/Reporte%20de%20Incidentes/test/Contraseña_.png</file>
            <file>file:/C:/Users/Proyector/Downloads/Reporte%20de%20Incidentes/src/Registrar%20incidente.png</file>
            <file>file:/C:/Users/Proyector/Downloads/Reporte%20de%20Incidentes/src/Zona%20de%20Riesgos.png</file>
            <file>file:/C:/Users/Proyector/Downloads/Reporte%20de%20Incidentes/src/JframeIncidentes.java</file>
            <file>file:/C:/Users/Proyector/Downloads/Reporte%20de%20Incidentes/src/Incidente.java</file>
            <file>file:/C:/Users/Proyector/Downloads/Reporte%20de%20Incidentes/src/IncidenteRegistrado.java</file>
            <file>file:/C:/Users/Proyector/Downloads/Reporte%20de%20Incidentes/test/Group%201%20(1).png</file>
            <file>file:/C:/Users/Proyector/Downloads/Reporte%20de%20Incidentes/src/FILME%202.png</file>
            <file>file:/C:/Users/Proyector/Downloads/Reporte%20de%20Incidentes/src/Group%201%20(1).png</file>
            <file>file:/C:/Users/Proyector/Downloads/Reporte%20de%20Incidentes/src/ACA%20FIRME.png</file>
            <file>file:/C:/Users/Proyector/Downloads/Reporte%20de%20Incidentes/src/RegistrodeIncidentes.java</file>
            <file>file:/C:/Users/Proyector/Downloads/Reporte%20de%20Incidentes/test/Direccion.java</file>
            <file>file:/C:/Users/Proyector/Downloads/Reporte%20de%20Incidentes/test/Fondo%20Login.jpg</file>
            <file>file:/C:/Users/Proyector/Downloads/Reporte%20de%20Incidentes/test/ACA%20FIRME.png</file>
            <file>file:/C:/Users/Proyector/Downloads/Reporte%20de%20Incidentes/test/FILME%202.png</file>
            <file>file:/C:/Users/Proyector/Downloads/Reporte%20de%20Incidentes/src/Fondo%20Login.jpg</file>
            <file>file:/C:/Users/Proyector/Downloads/Reporte%20de%20Incidentes/src/botonverde.png</file>
            <file>file:/C:/Users/Proyector/Downloads/Reporte%20de%20Incidentes/src/Contraseña_.png</file>
            <file>file:/C:/Users/Proyector/Downloads/Reporte%20de%20Incidentes/src/Usuario.java</file>
            <file>file:/C:/Users/Proyector/Downloads/Reporte%20de%20Incidentes/src/JFrameLogin.java</file>
            <file>file:/C:/Users/Proyector/Downloads/Reporte%20de%20Incidentes/src/ZonadeRiesgo.java</file>
            <file>file:/C:/Users/Proyector/Downloads/Reporte%20de%20Incidentes/test/Imagen%20Login.jpg</file>
            <file>file:/C:/Users/Proyector/Downloads/Reporte%20de%20Incidentes/src/Imagen%20Login.jpg</file>
            <file>file:/C:/Users/Proyector/Downloads/Reporte%20de%20Incidentes/src/RegistrarIncidente.java</file>
            <file>file:/C:/Users/Proyector/Downloads/Reporte%20de%20Incidentes/src/Incidente%20Registrado.png</file>
            <file>file:/C:/Users/Proyector/Downloads/Reporte%20de%20Incidentes/src/Group%202.png</file>
            <file>file:/C:/Users/Proyector/Downloads/Reporte%20de%20Incidentes/src/IncidenteEliminado.java</file>
            <file>file:/C:/Users/Proyector/Downloads/Reporte%20de%20Incidentes/test/RegistrodeIncidentes.java</file>
            <file>file:/C:/Users/Proyector/Downloads/Reporte%20de%20Incidentes/src/RectangleGordo.png</file>
            <file>file:/C:/Users/Proyector/Downloads/Reporte%20de%20Incidentes/src/FILME%203.png</file>
            <file>file:/C:/Users/Proyector/Downloads/Reporte%20de%20Incidentes/src/RegistrodePrueba.java</file>
        </group>
    </open-files>
</project-private>
